{"total_energy":235.22196461963676,"power_avg":0.47233326228842726,"duration":49.8}