{"total_energy":255.77275452089316,"power_avg":4.567370616444521,"duration":56}