{"total_energy":231.00858067278858,"power_avg":0.47048590768388715,"duration":49.1}