{"total_energy":234.88073297734292,"power_avg":0.47164805818743555,"duration":49.8}