{"total_energy":221.00683422136302,"power_avg":0.4722368252593227,"duration":46.8}