{"total_energy":244.09684420678664,"power_avg":0.47214089788546737,"duration":51.7}