{"total_energy":238.71122481975578,"power_avg":0.4671452540504027,"duration":51.1}