{"total_energy":222.24568692531582,"power_avg":0.4718592079093754,"duration":47.1}