{"total_energy":228.40425687592005,"power_avg":0.4690025808540453,"duration":48.7}