{"total_energy":219.67995410902503,"power_avg":0.47243000883661296,"duration":46.5}