{"total_energy":225.0011916891334,"power_avg":0.4717006115076172,"duration":47.7}