{"total_energy":245.35532790136398,"power_avg":0.4718371690410846,"duration":52}