{"total_energy":244.91126130542744,"power_avg":0.4728016627517904,"duration":51.8}