{"total_energy":226.122208501768,"power_avg":0.4720714164963841,"duration":47.9}