{"total_energy":228.90381332256788,"power_avg":0.47196662540735645,"duration":48.5}