{"total_energy":229.40982958888998,"power_avg":0.47203668639689295,"duration":48.6}