{"total_energy":241.34203336639428,"power_avg":0.4713711589187388,"duration":51.2}