{"total_energy":229.2980178169965,"power_avg":0.47180662102262655,"duration":48.6}