{"total_energy":228.43102466964723,"power_avg":0.470022684505447,"duration":48.6}