{"total_energy":222.47314930610656,"power_avg":0.4723421429004386,"duration":47.1}