{"total_energy":231.56507881319493,"power_avg":0.4725817934963162,"duration":49}