{"total_energy":227.65480961568318,"power_avg":0.47231288302008956,"duration":48.2}