{"total_energy":220.33288026564145,"power_avg":0.4718048827958061,"duration":46.7}