{"total_energy":230.0588432707785,"power_avg":0.47240008885170126,"duration":48.7}