{"total_energy":243.42818658585554,"power_avg":0.47176005152297584,"duration":51.6}