{"total_energy":226.4103742970228,"power_avg":0.4716882797854642,"duration":48}