{"total_energy":218.4744336627007,"power_avg":0.47186702734924557,"duration":46.3}