{"total_energy":244.7083467991353,"power_avg":0.4724099359056666,"duration":51.8}