{"total_energy":242.22438999366784,"power_avg":0.4721723001825884,"duration":51.3}