{"total_energy":234.75356824648378,"power_avg":0.47234118359453475,"duration":49.7}