{"total_energy":226.92910615537127,"power_avg":0.47178608348310036,"duration":48.1}