{"total_energy":235.4055795783047,"power_avg":0.4717546684935966,"duration":49.9}