{"total_energy":226.4468653428077,"power_avg":0.4717643027975161,"duration":48}