{"total_energy":221.23416568481898,"power_avg":0.47272257624961317,"duration":46.8}