{"total_energy":222.3299761114359,"power_avg":0.47203816584168984,"duration":47.1}