{"total_energy":225.40290681841378,"power_avg":0.4715541983648824,"duration":47.8}