{"total_energy":238.9290230638269,"power_avg":0.4712604005203686,"duration":50.7}