{"total_energy":240.29385317430484,"power_avg":0.4702423741180134,"duration":51.1}