{"total_energy":233.2638697480198,"power_avg":0.47219406831582955,"duration":49.4}