{"total_energy":225.03260888700473,"power_avg":0.47275758169538806,"duration":47.6}