{"total_energy":227.74791875810607,"power_avg":0.47152778210788004,"duration":48.3}