{"total_energy":222.63417856557373,"power_avg":0.471682581706724,"duration":47.2}