{"total_energy":223.22944223742473,"power_avg":0.4719438525104117,"duration":47.3}