{"total_energy":224.70453697004322,"power_avg":0.4720683549790824,"duration":47.6}