{"total_energy":220.87232056446078,"power_avg":0.47194940291551446,"duration":46.8}