{"total_energy":296.36813140397044,"power_avg":0.4741890102463527,"duration":62.5}