{"total_energy":225.86692266800412,"power_avg":0.47252494282009233,"duration":47.8}