{"total_energy":230.745573895955,"power_avg":0.4728392907703996,"duration":48.8}