{"total_energy":228.76777226643526,"power_avg":0.4726606865008993,"duration":48.4}