{"total_energy":222.4473378872872,"power_avg":0.472287341586597,"duration":47.1}