{"total_energy":241.21441944336925,"power_avg":0.47204387366608463,"duration":51.1}