{"total_energy":226.8419871632573,"power_avg":0.472587473256786,"duration":48}