{"total_energy":225.62422604541766,"power_avg":0.4710317871511851,"duration":47.9}