{"total_energy":219.641913149977,"power_avg":0.4713345775750579,"duration":46.6}