{"total_energy":225.12828120617846,"power_avg":0.4729585739625598,"duration":47.6}